{"t2m score": {"merge5": 0.6783159389913397, "merge3": 0.6744251923476041, "merge2": 0.6690349818532061, "lgb": 0.665847700470573, "catboost_q": 0.6633533759373752, "lgb_q": 0.657918982561964, "merge3_global": 0.6505337179304279, "catboost": 0.6442389482863577, "merge5_global": 0.6387460219882318, "lgb_global": 0.6306200823384025, "seq2seq_global": 0.62548504020304, "catboost_global": 0.6251829599012908, "lgb_global_q": 0.6058329831300445, "catboost_global_q": 0.6035060764185618}, "rh2m_score": {"lgb_global": 0.4991666919808807, "merge5_global": 0.4933827717524355, "merge3_global": 0.4921660226304587, "catboost_global": 0.48594654710985774, "lgb_global_q": 0.4838746620853798, "catboost_global_q": 0.45061025752379663, "merge3": 0.4480383806311228, "catboost": 0.4403973968720613, "merge5": 0.43189533833626226, "merge2": 0.42797945013171745, "seq2seq_global": 0.4035216839952893, "lgb_q": 0.3913791953317003, "lgb": 0.3816880232302026, "catboost_q": 0.3728405916366982}, "w10m_score": {"lgb_global": 0.4956769169583209, "catboost_q": 0.4950124180318065, "lgb_global_q": 0.4910505925087947, "merge5": 0.4881511408797058, "merge5_global": 0.4881289478893034, "merge2": 0.4867571794874133, "catboost": 0.48655223806066156, "lgb": 0.48471639130416666, "merge3_global": 0.4843147235046834, "merge3": 0.48362571719948094, "catboost_global_q": 0.4794235135855861, "lgb_q": 0.4793746942744055, "catboost_global": 0.4767068840565233, "seq2seq_global": 0.4174419724391343}, "score": {"merge3_global": 0.5423381546885234, "lgb_global": 0.5418212304258679, "merge5_global": 0.5400859138766568, "merge3": 0.5353630967260693, "merge5": 0.5327874727357692, "catboost_global": 0.5292787970225573, "merge2": 0.5279238704907789, "lgb_global_q": 0.5269194125747397, "catboost": 0.5237295277396935, "catboost_global_q": 0.5111799491759815, "lgb": 0.5107507050016474, "catboost_q": 0.5104021285352933, "lgb_q": 0.5095576240560232, "seq2seq_global": 0.48214956554582117}}