{"t2m score": {"catboost_q": 0.6042061303023502, "lgb_global": 0.603261106221328, "merge5": 0.6013212900243511, "lgb_q": 0.5961502202744373, "merge2": 0.5959139601819333, "merge5_global": 0.5924741816786226, "catboost_global": 0.5909801798137214, "merge3_global": 0.5894404527608247, "catboost": 0.583993939787342, "merge3": 0.5818154762067472, "catboost_global_q": 0.5801245340426638, "lgb_global_q": 0.577622821638932, "lgb": 0.5765457893549328, "seq2seq_global": 0.5053722081220817}, "rh2m_score": {"merge3_global": 0.6272433445710288, "merge3": 0.6196545545550218, "merge5": 0.6118293431327798, "seq2seq_global": 0.6104892221599958, "merge5_global": 0.6052854148782788, "catboost": 0.5860898859217983, "catboost_global": 0.583568791508407, "merge2": 0.5815669210286223, "catboost_q": 0.5755740182270701, "lgb_q": 0.565412957489047, "catboost_global_q": 0.5602028187006928, "lgb": 0.5336310945400007, "lgb_global": 0.5325961390229791, "lgb_global_q": 0.5268952269408759}, "w10m_score": {"merge3": 0.3529000622742497, "merge5": 0.3514402302796231, "lgb": 0.3364943855596361, "merge2": 0.33616016020444, "catboost_q": 0.3346622483406906, "lgb_q": 0.33395958158579375, "catboost": 0.33162491060393445, "merge3_global": 0.3178386190064262, "merge5_global": 0.30966130197536124, "lgb_global_q": 0.2983693905970437, "seq2seq_global": 0.29389972705927964, "lgb_global": 0.29152339261435634, "catboost_global_q": 0.2745097217808736, "catboost_global": 0.2713397195450302}, "score": {"merge5": 0.5215302878122513, "merge3": 0.5181233643453397, "merge3_global": 0.5115074721127599, "catboost_q": 0.5048141322900369, "merge2": 0.5045470138049986, "merge5_global": 0.5024736328440875, "catboost": 0.5005695787710249, "lgb_q": 0.4985075864497593, "lgb": 0.48222375648485655, "catboost_global": 0.48196289695571953, "lgb_global": 0.47579354595288786, "catboost_global_q": 0.4716123581747434, "seq2seq_global": 0.46992038578045237, "lgb_global_q": 0.46762914639228387}}