{"t2m score": {"merge5": 0.49477887091036055, "merge3": 0.4926600038136798, "merge2": 0.4786889772731775, "lgb_q": 0.4737690107672006, "lgb": 0.4620091128352302, "catboost": 0.4546169074151998, "catboost_global": 0.43247970319414497, "merge5_global": 0.4310506947557699, "merge3_global": 0.43080765593834036, "catboost_q": 0.4302419037619912, "catboost_global_q": 0.4142471740059153, "lgb_global_q": 0.4125589119224745, "seq2seq_global": 0.3907474646604905, "lgb_global": 0.38807212001333397}, "rh2m_score": {"merge3": 0.08512925678027893, "merge3_global": 0.0659892300058001, "merge5": 0.035845821134682106, "merge5_global": 0.008808856830641773, "seq2seq_global": 0.007861148625871969, "catboost_global": -0.018751616214262634, "catboost": -0.019811977476735562, "catboost_q": -0.049087347815895986, "merge2": -0.0594427431828479, "catboost_global_q": -0.06765084093089138, "lgb_q": -0.1332065298189603, "lgb": -0.13388834099381725, "lgb_global": -0.14733437821742107, "lgb_global_q": -0.17174725490018053}, "w10m_score": {"lgb": 0.4550319883628993, "merge2": 0.45192792378156765, "merge5": 0.44955102946694087, "merge3": 0.4464374997673791, "catboost_q": 0.44351840670223636, "lgb_q": 0.44089503405774544, "catboost": 0.44014838501777337, "merge5_global": 0.4332181492217244, "catboost_global_q": 0.43314929701539984, "catboost_global": 0.43236681351707773, "merge3_global": 0.42989934536278857, "lgb_global_q": 0.425374526146664, "lgb_global": 0.4075490663223769, "seq2seq_global": 0.37894258283555904}, "score": {"merge3": 0.341408920120446, "merge5": 0.3267252405039945, "merge3_global": 0.30889874376897636, "catboost": 0.2916511049854125, "merge5_global": 0.2910259002693787, "merge2": 0.2903913859572991, "catboost_global": 0.2820316334989867, "catboost_q": 0.27489098754944385, "lgb": 0.2610509200681041, "lgb_q": 0.26048583833532857, "catboost_global_q": 0.25991521003014123, "seq2seq_global": 0.2591837320406405, "lgb_global_q": 0.22206206105631932, "lgb_global": 0.2160956027060966}}