{"t2m score": {"lgb_global": 0.6306207892737027, "merge5": 0.6264044195396725, "merge5_global": 0.6238528417498104, "merge3_global": 0.621754172412433, "lgb_global_q": 0.6192748764016125, "lgb_q": 0.6168735160196562, "merge3": 0.616277717747679, "merge2": 0.6133565101192313, "lgb": 0.6125777172231954, "catboost_global_q": 0.5983429431161853, "catboost_q": 0.5932328286412748, "catboost_global": 0.5925983038509022, "catboost": 0.5852963235952334, "seq2seq_global": 0.5700464181033816}, "rh2m_score": {"merge5": 0.6086478816031251, "merge3": 0.6062405187917955, "lgb_q": 0.6027848350747826, "merge3_global": 0.5916958600584309, "seq2seq_global": 0.5844398431225908, "merge5_global": 0.5839826231089473, "merge2": 0.5817166393892325, "catboost_q": 0.5806091409261386, "catboost": 0.5710013747152604, "catboost_global": 0.5689977264957973, "lgb": 0.5647833582131775, "catboost_global_q": 0.557356591902583, "lgb_global_q": 0.5298666145372409, "lgb_global": 0.5180647189444741}, "w10m_score": {"merge3": 0.4495391152851152, "merge5": 0.4371748884715867, "merge3_global": 0.4219150118466259, "catboost_q": 0.412361319124721, "lgb": 0.41198977760359906, "merge2": 0.4082009977509616, "merge5_global": 0.40682934985527547, "catboost": 0.4005955801772342, "seq2seq_global": 0.39948373139267135, "lgb_q": 0.3937093898821222, "lgb_global_q": 0.3771939076890138, "lgb_global": 0.37116325472373707, "catboost_global_q": 0.36344908186418967, "catboost_global": 0.3627043745273488}, "score": {"merge5": 0.5574090632047948, "merge3": 0.5573524506081966, "merge3_global": 0.5451216814391633, "merge5_global": 0.5382216049046777, "lgb_q": 0.537789246992187, "merge2": 0.5344247157531418, "lgb": 0.5297836176799907, "catboost_q": 0.5287344295640448, "catboost": 0.518964426162576, "seq2seq_global": 0.5179899975395479, "lgb_global_q": 0.508778466209289, "catboost_global": 0.5081001349580161, "lgb_global": 0.5066162543139713, "catboost_global_q": 0.5063828722943193}}