{"t2m score": {"catboost": 0.612067458099915, "catboost_q": 0.5869730691059899, "merge2": 0.5866712671476422, "merge5": 0.5843630444591582, "merge3": 0.5797101711503098, "lgb_global_q": 0.5694821899468726, "lgb_global": 0.5625318050926544, "merge5_global": 0.5591884807783888, "lgb_q": 0.5573740881159116, "merge3_global": 0.5529193589555952, "lgb": 0.5443018053120459, "catboost_global_q": 0.5411137478519008, "catboost_global": 0.5318896467100979, "seq2seq_global": 0.5191671969225061}, "rh2m_score": {"lgb_global": 0.5657192330178191, "merge5_global": 0.563277995196302, "merge3_global": 0.5546628199584406, "catboost_global_q": 0.5528160614396979, "catboost_global": 0.552737669138553, "lgb_global_q": 0.5525609881195872, "catboost_q": 0.5483113791881781, "merge5": 0.5417720238297304, "lgb": 0.5290407910475375, "merge3": 0.5265957476165571, "merge2": 0.5230657520268978, "lgb_q": 0.5188455411406243, "catboost": 0.49871051779907694, "seq2seq_global": 0.46186049190617656}, "w10m_score": {"merge5": 0.5192650572305526, "catboost_q": 0.5178652903295597, "merge3": 0.5174686322156452, "catboost": 0.5137596159508911, "merge2": 0.5110169378982411, "lgb_q": 0.5095339594622458, "lgb": 0.5049886076634764, "merge3_global": 0.5030503254575349, "merge5_global": 0.5005508645446329, "lgb_global_q": 0.49845506215141555, "catboost_global": 0.4890433279728738, "lgb_global": 0.48814379314939677, "seq2seq_global": 0.4841007593411534, "catboost_global_q": 0.48360898272238123}, "score": {"catboost_q": 0.5510499128745759, "merge5": 0.5484667085064804, "catboost": 0.5415125306166276, "merge3": 0.5412581836608373, "merge5_global": 0.541005780173108, "merge2": 0.5402513190242604, "lgb_global_q": 0.5401660800726251, "lgb_global": 0.5387982770866234, "merge3_global": 0.5368775014571903, "lgb_q": 0.5285845295729272, "lgb": 0.5261104013410199, "catboost_global_q": 0.5258462640046601, "catboost_global": 0.5245568812738416, "seq2seq_global": 0.4883761493899453}}