{"t2m score": {"merge5": 0.45022794523827564, "lgb_q": 0.4459457646334997, "catboost_q": 0.44367881348861665, "merge3": 0.4400853636587698, "merge2": 0.43922990317601657, "catboost": 0.4320295776913684, "lgb": 0.42176272039097346, "merge5_global": 0.41471167495436284, "catboost_global_q": 0.41406268768213145, "merge3_global": 0.4119392735901582, "catboost_global": 0.3973173573809026, "lgb_global_q": 0.3921040626001503, "lgb_global": 0.3857269126687849, "seq2seq_global": 0.37956434425399477}, "rh2m_score": {"merge2": 0.41297868265099075, "merge5": 0.4105356788788807, "catboost_q": 0.4088462691545347, "merge3": 0.4078490696589361, "catboost": 0.40328455088279747, "lgb": 0.39411012125753236, "lgb_global": 0.3861202920835678, "merge5_global": 0.38018261948153614, "merge3_global": 0.37968612673131946, "lgb_q": 0.3599649447005956, "catboost_global_q": 0.3540528062305078, "lgb_global_q": 0.3531723993413889, "catboost_global": 0.3508806501263978, "seq2seq_global": 0.3073473154850538}, "w10m_score": {"merge5": 0.5170920809726635, "merge3": 0.516007122394098, "catboost": 0.5128273001617404, "merge2": 0.512678897996232, "merge5_global": 0.5125538251671757, "merge3_global": 0.5093353100598577, "catboost_global": 0.5089748316954203, "catboost_global_q": 0.5083415094065574, "lgb": 0.5078775348839224, "catboost_q": 0.5055943675541372, "lgb_global_q": 0.50387741083881, "lgb_q": 0.5034665483953755, "lgb_global": 0.5022329817074425, "seq2seq_global": 0.4376051288391811}, "score": {"merge5": 0.4592852350299399, "merge2": 0.4549624946077464, "merge3": 0.45464718523726794, "catboost_q": 0.4527064833990962, "catboost": 0.44938047624530214, "lgb": 0.44125012551080944, "lgb_q": 0.43645908590982363, "merge5_global": 0.4358160398676916, "merge3_global": 0.4336535701271118, "catboost_global_q": 0.42548566777306557, "lgb_global": 0.4246933954865984, "catboost_global": 0.4190576130675736, "lgb_global_q": 0.41638462426011635, "seq2seq_global": 0.37483892952607656}}