{"t2m": {"-1": 43.92147327217696, "t2m_M": 13.74745731245245, "-2": 11.874205118308259, "-3": 3.7397035306755386, "t2m_prophet": 3.4649447593435916, "TC975_M": 2.956015534889856, "-24": 2.7597435983507994, "-23": 2.09097084559535, "SWD_M": 1.8152170076944916, "-4": 1.6924561122149449, "TC925_M": 1.5583197641138367, "-22": 1.329250907592139, "LH_M": 0.9936425449699422, "HFX_M": 0.8416449644591797, "hour_cos": 0.691663949670098, "-21": 0.6532645839346107, "PBLH_M": 0.5558948476424398, "t2m_obs_48ago": 0.5519479610768899, "TC850_M": 0.472580543232457, "-5": 0.38812000797411017, "hour_sin": 0.37775396878866874, "-20": 0.342288790218976, "w10m_prophet": 0.30736739316348893, "-6": 0.2237083337878917, "rh2m_M": 0.1984405148825028, "-10": 0.13549292951006725, "Q925_M": 0.12942606011576568, "GLW_M": 0.12909959375070845, "q2m_M": 0.12556593838152658, "-18": 0.11915142803621334, "-14": 0.10394403175781379, "-19": 0.10070704045864068, "-16": 0.09651660397305512, "-7": 0.0910189102751221, "-9": 0.08879458256440217, "Q500_M": 0.08424700773415106, "-12": 0.08011306368179621, "Q700_M": 0.07989902662557834, "Q850_M": 0.07987606925232033, "w10m_M": 0.0684215778078843, "-8": 0.06750453791055969, "-11": 0.06113300317058421, "TC500_M": 0.05954917870389752, "rh2m_prophet": 0.05836675651657023, "-17": 0.05813952747356571, "month_cos": 0.056945611414937515, "psfc_M": 0.05398551307152111, "psur_obs_48ago": 0.046733193460866705, "TC700_M": 0.045832521286862604, "wspd850_M": 0.044450435057497475, "-15": 0.04374481465893705, "rh2m_obs_48ago": 0.0367714176779916, "u10m_M": 0.03648115762300509, "q2m_obs_48ago": 0.03415329393272017, "RAIN_M": 0.03267319526280428, "Q975_M": 0.0323159686316735, "month_sin": 0.029860918456015857, "-13": 0.02679484351438428, "wspd700_M": 0.02473109907936367, "wspd925_M": 0.023880823387577226, "w10m_obs_48ago": 0.018011122801653134, "v10m_M": 0.016819004314257414, "u10m_obs_48ago": 0.009997321212182313, "wspd500_M": 0.009976059291052346, "v10m_obs_48ago": 0.008489281529425827, "RAIN_obs_48ago": 0.0023093694255701294}, "rh2m": {"-1": 67.42857453271131, "-2": 11.97487552146448, "rh2m_M": 2.9708788820800747, "-3": 2.549653419698116, "SWD_M": 1.9318594169450776, "hour_cos": 1.3296922875371928, "HFX_M": 1.1933946479142479, "PBLH_M": 0.8186384582564556, "-4": 0.7033452631390197, "w10m_prophet": 0.65510468147513, "LH_M": 0.48813343817679733, "hour_sin": 0.42608535222777233, "-23": 0.4178190676133207, "-21": 0.3920187039917839, "rh2m_prophet": 0.3697632332493571, "-22": 0.35263870453050455, "-5": 0.35056561461821156, "-19": 0.323983196352305, "Q925_M": 0.31224752778578924, "-24": 0.2746816408114862, "-20": 0.2744786206671439, "-7": 0.21812119783181871, "-6": 0.20289473604236719, "rh2m_obs_48ago": 0.19044238384957976, "GLW_M": 0.18745452398447804, "-8": 0.18221614186235363, "q2m_M": 0.1791191405216588, "Q700_M": 0.17313411695839817, "Q850_M": 0.16510671766686918, "v10m_M": 0.15909079327090012, "-18": 0.15770478283504838, "u10m_M": 0.1494129337064645, "w10m_M": 0.14790872249128906, "Q500_M": 0.1401776656812435, "RAIN_M": 0.13538913682182604, "-17": 0.12264447118039712, "-9": 0.11654498088813876, "Q975_M": 0.11562719413416192, "t2m_prophet": 0.10176583650201557, "q2m_obs_48ago": 0.09487792316948715, "wspd925_M": 0.09280483411671143, "TC500_M": 0.08399185791416364, "TC850_M": 0.0790567065596117, "-11": 0.07630073640512511, "-10": 0.0758634998870779, "-16": 0.07453407913296957, "-12": 0.07250709884009428, "month_sin": 0.07117341013872258, "wspd850_M": 0.06935988070694704, "TC700_M": 0.06837182082161332, "-14": 0.06605597463289643, "t2m_obs_48ago": 0.06367502346017562, "TC925_M": 0.06242365768995536, "wspd700_M": 0.060225754543638585, "TC975_M": 0.06008935251502238, "t2m_M": 0.058609841781299986, "-13": 0.05800603082134933, "w10m_obs_48ago": 0.050574855801667165, "psfc_M": 0.04930527183464707, "-15": 0.04682031322838923, "wspd500_M": 0.04434292336673193, "psur_obs_48ago": 0.040556992655213266, "month_cos": 0.03317956029035792, "v10m_obs_48ago": 0.025592409629579028, "u10m_obs_48ago": 0.02244643561191593, "RAIN_obs_48ago": 0.016066066970068713}, "w10m": {"-1": 45.12136274728623, "w10m_M": 11.662211048546268, "-2": 4.837345614378791, "PBLH_M": 4.5895614230950015, "w10m_prophet": 2.31673464820319, "HFX_M": 2.2463664434234527, "v10m_M": 1.8740011585017537, "SWD_M": 1.7797582434376138, "-3": 1.4834706563835725, "hour_sin": 1.3277055312104629, "wspd925_M": 1.216330004138291, "hour_cos": 1.2111956560358101, "wspd850_M": 1.1623593797993304, "LH_M": 0.9633720583136164, "rh2m_M": 0.8083306107634783, "u10m_M": 0.7770851003217433, "-4": 0.7770045113430883, "rh2m_prophet": 0.7623444582322368, "Q500_M": 0.634792450432036, "GLW_M": 0.5954718043524619, "wspd700_M": 0.537799302597586, "wspd500_M": 0.49283258697742643, "Q700_M": 0.4911065553009961, "Q975_M": 0.4908349551412625, "TC500_M": 0.4787446086927936, "-5": 0.44702795605572304, "TC850_M": 0.39096534721453247, "rh2m_obs_48ago": 0.3767123484130329, "t2m_prophet": 0.37459166637200764, "-24": 0.36688813293181316, "t2m_M": 0.35206704802364763, "psfc_M": 0.3501133147709928, "-7": 0.34953446573516544, "-22": 0.345146571370718, "-21": 0.34394250568128226, "TC975_M": 0.34265572316691717, "-23": 0.33502373099414806, "TC700_M": 0.33029269721832166, "TC925_M": 0.32680687013539933, "Q850_M": 0.32240570801241, "t2m_obs_48ago": 0.3191047381644744, "-6": 0.30786777099001306, "Q925_M": 0.29033696873441567, "q2m_M": 0.275464439970598, "-13": 0.2753041526669369, "-8": 0.2693469526374481, "psur_obs_48ago": 0.2660101330478247, "-20": 0.2587585964347664, "-17": 0.2587581592805622, "-10": 0.25152330061692263, "-11": 0.2479220709679597, "-18": 0.24520011772618236, "-12": 0.24260227549371, "-9": 0.24226770074404533, "q2m_obs_48ago": 0.23682911598688303, "-19": 0.2321340614303086, "w10m_obs_48ago": 0.2305476188575301, "RAIN_M": 0.2243934393358959, "-15": 0.21676699841062003, "-14": 0.21226231752356411, "-16": 0.19329986628682, "v10m_obs_48ago": 0.1870494221609851, "u10m_obs_48ago": 0.1766530243813327, "month_cos": 0.1599915668253316, "month_sin": 0.11501941461830009, "RAIN_obs_48ago": 0.07229013370195765}, "train_score": {"t2m": {"score": [0.8078247579657019, 0.8087350830374257, 0.7950589248129585, 0.7868524740093977, 0.8022154802674489, 0.8099101919611331, 0.8227548873150501, 0.8334545681418318, 0.8064901357473768, 0.8061967077839769], "mean": 0.8079493211042301}, "rh2m": {"score": [0.7341675950546754, 0.6896632346042556, 0.7183008615151185, 0.7362828640635254, 0.6987519961138995, 0.7477830171971087, 0.7621394729514821, 0.6814835971473193, 0.7038422350532133, 0.7568290199689597], "mean": 0.7229243893669557}, "w10m": {"score": [0.5143630036780225, 0.46831283528472323, 0.40937270569023926, 0.6253112014662838, 0.45238501156368466, 0.6147688739398456, 0.3615314101793874, 0.45723317718201, 0.3447912951284261, 0.5060324484260874], "mean": 0.47541019625387104}, "mean": 0.6687613022416855}, "val_score": {"t2m": {"score": [0.6055538934228871, 0.6363626533539076, 0.5924928675067357, 0.6293699228515555, 0.6215472859795302, 0.5820193891709914, 0.5946379526975806, 0.7736716045279342, 0.679294356936202, 0.6143421312620214], "mean": 0.6329292057709346}, "rh2m": {"score": [0.7073928736475078, 0.7285344700532235, 0.7121799113829533, 0.7670331173800141, 0.6910109219613976, 0.7258550623988262, 0.6887064686871753, 0.6901307630099422, 0.7177804904587457, 0.72332615598209], "mean": 0.7151950234961877}, "w10m": {"score": [0.4989762779202761, 0.47890643712053277, 0.398978081996782, 0.5882422333462525, 0.4414130758595524, 0.5839198047171461, 0.3400738689719, 0.39204990865061656, 0.2780913396868037, 0.42239358623693457], "mean": 0.44230446145067964}, "mean": 0.5968095635726006}, "ratio": {"t2m": {"score": [0.7496104661954386, 0.7868616889524239, 0.7452188121102126, 0.7998575891165574, 0.7747884468301632, 0.7186221323646733, 0.722740103845632, 0.9282708789428289, 0.8422847680668752, 0.7620251054493719], "mean": 0.7830279991874176},