{"t2m": {"-1": 85.4122165164103, "t2m_M": 8.300644991257954, "SWD_M": 2.2090873422315243, "hour_cos": 1.0849179506037923, "-22": 0.6340349286368985, "-21": 0.5031210795504816, "location_90008": 0.22080696653128126, "hour_sin": 0.21307380621299554, "HFX_M": 0.19265219628704594, "rh2m_M": 0.1813509637798868, "PBLH_M": 0.10535670364371212, "-2": 0.06964444700121149, "-3": 0.06448988139648658, "w10m_prophet": 0.05826558010661519, "TC925_M": 0.05424274264532536, "location_90007": 0.05228223340337291, "TC975_M": 0.0494541963421371, "GLW_M": 0.04856869426477803, "w10m_M": 0.046313885732493315, "psfc_M": 0.04265085830188858, "-4": 0.03487140641896884, "location_90006": 0.03387524981531722, "t2m_prophet": 0.027940805349079192, "-20": 0.02740937902523532, "wspd850_M": 0.026415356347860318, "TC850_M": 0.021268335226561616, "-24": 0.01972597624081058, "RAIN_M": 0.018372481457007966, "-19": 0.01758243826369222, "-5": 0.017243332578561178, "TC500_M": 0.017090968720088116, "-18": 0.015846349888671004, "wspd500_M": 0.014149364410818882, "rh2m_prophet": 0.01347907535799145, "psur_obs_48ago": 0.012148221704450297, "q2m_M": 0.011237307573735788, "v10m_M": 0.011006543749502277, "TC700_M": 0.010594382479133566, "wspd925_M": 0.009482794430518537, "rh2m_obs_48ago": 0.009333175749845685, "-23": 0.008902142550815837, "-6": 0.008620485532668185, "month_sin": 0.007780408795082977, "location_90005": 0.007188282807892009, "location_90004": 0.00546618513351624, "wspd700_M": 0.005255582478736861, "t2m_obs_48ago": 0.004155131450975317, "location_90010": 0.00414879956205809, "-7": 0.0038907629727213964, "q2m_obs_48ago": 0.0038596373915434157, "month_cos": 0.0037708426732480683, "-8": 0.0027024702496755973, "location_90001": 0.0024555962193690056, "location_90002": 0.002354888762802687, "-17": 0.002148591474678856, "w10m_obs_48ago": 0.002101153111677826, "u10m_M": 0.002075947365488022, "-15": 0.0014320568032544715, "-14": 0.0013101746409620862, "-9": 0.001306790684784833, "-12": 0.0011121549861469713, "-13": 0.001036768700546644, "-10": 0.0010263185224872891, "u10m_obs_48ago": 0.0009970035814173559, "-16": 0.0008900762599996536, "location_90003": 0.0008796286688100024, "-11": 0.0006613008629946734, "v10m_obs_48ago": 0.00010734362620151549, "location_90009": 7.890294614024217e-05, "RAIN_obs_48ago": 3.566205526352443e-05}, "rh2m": {"-1": 82.6141694333761, "hour_cos": 4.701109162199395, "SWD_M": 3.704736901870277, "rh2m_M": 2.8583434984442806, "hour_sin": 0.6945605923967846, "PBLH_M": 0.619033627041387, "q2m_M": 0.5651011086002429, "-2": 0.4804837446682507, "location_90008": 0.3140199084879153, "-3": 0.3116812351259103, "HFX_M": 0.2706431898329001, "GLW_M": 0.24508145698945275, "w10m_prophet": 0.22806207322446223, "-19": 0.20455133062842382, "v10m_M": 0.15846379913768452, "TC500_M": 0.15410429818927454, "-20": 0.15283908396931334, "RAIN_M": 0.12712123655562943, "rh2m_prophet": 0.12197722167857851, "TC700_M": 0.10039992751762644, "-4": 0.08782773810645021, "w10m_M": 0.08779498720742004, "wspd850_M": 0.08607466381523005, "TC850_M": 0.08170609757726374, "rh2m_obs_48ago": 0.07870218924527024, "t2m_prophet": 0.07555149594309792, "wspd925_M": 0.07185849887142946, "month_sin": 0.058734349766704996, "psfc_M": 0.055913469396991176, "-22": 0.0471522213756866, "location_90007": 0.045740857888529156, "wspd500_M": 0.040206721514652224, "location_90005": 0.03394055276371606, "t2m_obs_48ago": 0.03119934700370841, "wspd700_M": 0.031140858913607468, "u10m_M": 0.031064377662152975, "-5": 0.029598367759827163, "TC975_M": 0.028956759047504665, "location_90006": 0.027523744679018424, "-23": 0.027022675112978817, "-12": 0.026365822652092204, "psur_obs_48ago": 0.025260266646414405, "TC925_M": 0.024875634553875755, "-6": 0.023516889832751284, "q2m_obs_48ago": 0.021920578388076078, "t2m_M": 0.01728584161080156, "location_90004": 0.017133804002817977, "location_90003": 0.015509676585752773, "-21": 0.01394369408672049, "month_cos": 0.012335484443415883, "-18": 0.012180756277847678, "-15": 0.011902841629001638, "-8": 0.008598348884630545, "location_90009": 0.008336929179187925, "-24": 0.008018861380675573, "-7": 0.00797082795480449, "-14": 0.007873893468982502, "-13": 0.0077950147065921245, "w10m_obs_48ago": 0.007530271598242496, "-11": 0.0074188131805421435, "-16": 0.007379508718540852, "-17": 0.006168245523407504, "-9": 0.0030195514213755387, "location_90002": 0.0030160435091347595, "v10m_obs_48ago": 0.0025979454689564955, "location_90010": 0.002535316867009033, "-10": 0.0022598836501314177, "u10m_obs_48ago": 0.0013193134835785248, "RAIN_obs_48ago": 0.001072500999241385, "location_90001": 0.0006646357102568035}, "w10m": {"-1": 44.29920304672238, "w10m_prophet": 11.994239897592577, "w10m_M": 11.72713263144136, "-2": 6.1106932283600175, "PBLH_M": 3.7914101864842555, "hour_sin": 1.5914941790672363, "v10m_M": 1.5064489250146196, "HFX_M": 1.3416068068460327, "-3": 1.186394807020024, "SWD_M": 1.0639187603948173, "psfc_M": 0.956853346110965, "wspd850_M": 0.9309914736591105, "location_90008": 0.8189639906520298, "wspd925_M": 0.7979647407934556, "hour_cos": 0.7319433869525049, "psur_obs_48ago": 0.7169280299830704, "-21": 0.6821898353539183, "location_90007": 0.66094316307653, "GLW_M": 0.6254726255843517, "wspd700_M": 0.4295994736464817, "wspd500_M": 0.3920237789472837, "-22": 0.3771196127121655, "rh2m_M": 0.3621227664765641, "u10m_M": 0.34871299411692996, "location_90003": 0.33788101799638404, "TC850_M": 0.3253350034167267, "TC500_M": 0.30654878413400943, "-5": 0.30181041771701866, "rh2m_prophet": 0.2919235761745577, "-4": 0.28686810226985543, "location_90009": 0.27271422541858303, "location_90004": 0.2686177730318527, "TC700_M": 0.2220214998413806, "month_sin": 0.21918493528703628, "-23": 0.212704297243198, "location_90006": 0.19750568677938513, "-24": 0.19643944378529263, "location_90010": 0.1894612171417309, "TC975_M": 0.1847643771602564, "rh2m_obs_48ago": 0.17189021636670432, "q2m_M": 0.16993252938841497, "t2m_prophet": 0.16200067781150695, "-6": 0.15844798922291564, "-20": 0.15711210511218715, "TC925_M": 0.14842376129325807, "RAIN_M": 0.14237188349687963, "-10": 0.1246680547591537, "month_cos": 0.1083390079957482, "v10m_obs_48ago": 0.10683102934053283, "-9": 0.10546223330097201, "-7": 0.10170920717022652, "u10m_obs_48ago": 0.09697261290641566, "-8": 0.09636696749896534, "q2m_obs_48ago": 0.08291432544773372, "t2m_M": 0.07997576351709323, "-13": 0.0747738393134303, "w10m_obs_48ago": 0.06960412509622863, "t2m_obs_48ago": 0.06947372123141436, "-14": 0.06946760528730032, "-11": 0.06932455059310322, "-19": 0.05899806703102307, "-12": 0.05129868575769957, "-16": 0.05026781049382364, "-18": 0.04964205227291321, "-15": 0.044910507605080696, "-17": 0.03910604293051897, "location_90001": 0.037704639521194114, "RAIN_obs_48ago": 0.03513910239380969, "location_90005": 0.0087188414378087, "location_90002": 0.0}, "train_score": {"t2m": 0.8124902119041253, "rh2m": 0.7185886749426071, "w10m": 0.4551771226087128, "mean": 0.6620853364851484}, "val_score": {"t2m": 0.6672451801324779, "rh2m": 0.7214629565982554, "w10m": 0.44572304353259595, "mean": 0.6114770600877764}}