{"t2m": {"-1": 43.93356285552496, "t2m_M": 14.60686535572593, "-2": 13.300316280979029, "-3": 3.4382716356952487, "TC975_M": 3.201708157456454, "t2m_prophet": 2.485978417245613, "-24": 2.303461598959466, "SWD_M": 2.0643625755637776, "-23": 1.8261708838038728, "TC925_M": 1.5195286507578187, "-22": 1.3935107750889855, "-4": 1.3553552373064635, "HFX_M": 1.0117834776817585, "-21": 0.6864061447846972, "hour_cos": 0.6638123496289428, "t2m_obs_48ago": 0.6473611603571647, "PBLH_M": 0.5075649455674982, "-5": 0.4967516530900933, "w10m_prophet": 0.4297401119672518, "TC850_M": 0.42554441813460314, "hour_sin": 0.3645809259426782, "-20": 0.36289727097972097, "rh2m_M": 0.2296885461140883, "-19": 0.22550319599564744, "-6": 0.21409219442813976, "q2m_M": 0.19060121396615332, "GLW_M": 0.159773208894552, "-18": 0.15767453552665855, "TC700_M": 0.14322839634022486, "-17": 0.10320580422521268, "psfc_M": 0.09294218543702254, "-9": 0.0926509359257277, "TC500_M": 0.09150446667667232, "month_cos": 0.08909888923552535, "w10m_M": 0.08831791002593611, "-11": 0.0879176405249734, "-16": 0.08191525720019907, "-12": 0.0801094386873799, "-13": 0.07808614939226914, "-8": 0.07672061875565243, "-7": 0.07329017378356108, "-14": 0.06866765540961292, "q2m_obs_48ago": 0.06546718790734254, "-15": 0.0598085302843813, "psur_obs_48ago": 0.05755957048376479, "rh2m_prophet": 0.04599072327664959, "rh2m_obs_48ago": 0.04488637828317954, "u10m_M": 0.03537633385398136, "wspd850_M": 0.03427285884025165, "-10": 0.033512896793248266, "v10m_M": 0.02868535830175207, "wspd700_M": 0.028177392402014473, "month_sin": 0.02382184079921528, "v10m_obs_48ago": 0.023180084629620415, "wspd925_M": 0.018319508350568225, "RAIN_M": 0.018163212631156132, "w10m_obs_48ago": 0.015991154162375322, "wspd500_M": 0.009679659780613623, "u10m_obs_48ago": 0.004541036798125437, "RAIN_obs_48ago": 0.0020429736345185345}, "rh2m": {"-1": 70.08254015485318, "-2": 9.454127302726581, "rh2m_M": 3.3806891038622036, "SWD_M": 2.309669851126931, "-3": 1.87008152290948, "HFX_M": 1.3736909624299838, "hour_cos": 1.1685419505845924, "PBLH_M": 0.911718568314566, "w10m_prophet": 0.7113145885362281, "-4": 0.698852304290241, "-5": 0.5141368905892791, "-22": 0.5030875966526123, "rh2m_prophet": 0.48116942534187057, "hour_sin": 0.4198154674201038, "-21": 0.3902121416747327, "-6": 0.35950978437602, "q2m_M": 0.3533959213992626, "-20": 0.31379611081294434, "-23": 0.28377909675028473, "-24": 0.2641410478986147, "-19": 0.2364746525886857, "GLW_M": 0.2161725050890524, "rh2m_obs_48ago": 0.20619263022637985, "-7": 0.1847040362296681, "-18": 0.17948638351094304, "RAIN_M": 0.17260976770103206, "v10m_M": 0.1667127736083943, "TC700_M": 0.1611790581905142, "w10m_M": 0.14713834477353985, "u10m_M": 0.1443341979472781, "-9": 0.13686239552311422, "wspd925_M": 0.12609240035859184, "-15": 0.11828228617432783, "-8": 0.11744465905412953, "-16": 0.10804877674743715, "-17": 0.10616319142416464, "month_sin": 0.09918669273775735, "-12": 0.0971876973090105, "wspd850_M": 0.0965935732989633, "TC500_M": 0.0955309618544328, "t2m_M": 0.09298233486419719, "t2m_prophet": 0.08595972126552008, "-13": 0.08564553381887577, "q2m_obs_48ago": 0.08162895583615477, "-10": 0.0815218173992324, "TC975_M": 0.07999980945287548, "wspd500_M": 0.0789676294805458, "-11": 0.07690308623660985, "-14": 0.07477015022948917, "TC850_M": 0.0733634439271536, "t2m_obs_48ago": 0.06837366836708306, "TC925_M": 0.06280534862928934, "w10m_obs_48ago": 0.05894408820961702, "psur_obs_48ago": 0.055845803184214546, "psfc_M": 0.04985184394262718, "wspd700_M": 0.039682766360521884, "month_cos": 0.032360325058809994, "u10m_obs_48ago": 0.02363869103906912, "v10m_obs_48ago": 0.019727878352312836, "RAIN_obs_48ago": 0.016360327448687782}, "w10m": {"-1": 44.81329699033671, "w10m_M": 11.74631713620607, "-2": 4.955756873011948, "PBLH_M": 4.576347635990029, "HFX_M": 2.5965859080778726, "w10m_prophet": 2.3749049557587867, "SWD_M": 2.0958878974426143, "v10m_M": 1.8839308018266248, "wspd925_M": 1.6396021215901022, "-3": 1.4162961570254997, "hour_cos": 1.3271755645533414, "hour_sin": 1.2522485207860412, "wspd850_M": 1.2486818977333507, "rh2m_M": 0.9614776323401932, "u10m_M": 0.8763005028238974, "GLW_M": 0.8011144431241636, "-4": 0.7157269715846483, "rh2m_prophet": 0.6783129294995205, "wspd700_M": 0.6065479484429472, "TC500_M": 0.5311736742915805, "psfc_M": 0.5219023272627961, "wspd500_M": 0.5161339964630358, "-5": 0.5113827560347081, "-23": 0.47452964096501116, "TC700_M": 0.47215839328675757, "TC850_M": 0.4559719260811999, "-6": 0.45410766898559085, "t2m_obs_48ago": 0.41686350559614527, "t2m_prophet": 0.398835941498806, "-24": 0.37865724408282425, "-21": 0.3764423146305951, "-22": 0.3735677398371571, "q2m_M": 0.3587970121229237, "-7": 0.35583703350033896, "TC975_M": 0.34820355164303785, "TC925_M": 0.3425127219091816, "rh2m_obs_48ago": 0.34214274007994605, "t2m_M": 0.34031818773302286, "-20": 0.318324671383867, "-10": 0.3170841177626485, "-13": 0.3164166802937792, "psur_obs_48ago": 0.30940854622204783, "q2m_obs_48ago": 0.29758537681488684, "-8": 0.2913972726231522, "-9": 0.28692279807720333, "-19": 0.27556717774264616, "w10m_obs_48ago": 0.27505592755218056, "-18": 0.2631391887578311, "-12": 0.2618548878730057, "RAIN_M": 0.24095006668920121, "-16": 0.24015327964309924, "-11": 0.23158524893971383, "-17": 0.23134927614258852, "-15": 0.22931105540529528, "-14": 0.22401575903103685, "v10m_obs_48ago": 0.2203502584213622, "u10m_obs_48ago": 0.2097927615368572, "month_cos": 0.17919505620924345, "month_sin": 0.15532885977764138, "RAIN_obs_48ago": 0.08916046894167791}, "train_score": {"t2m": {"score": [0.8047380369855893, 0.8137204743867875, 0.7924251824515824, 0.7852401824988618, 0.7992178292726833, 0.8104594078301345, 0.8222098192720918, 0.8335385114680495, 0.8050808587108604, 0.8081677446256947], "mean": 0.8074798047502336}, "rh2m": {"score": [0.7309772517452551, 0.6818204127028438, 0.7186342315972964, 0.7347557600652049, 0.7005281960194034, 0.7519031728450016, 0.7576757018205297, 0.6754393388649416, 0.7068490478351549, 0.7574028719827784], "mean": 0.721598598547841}, "w10m": {"score": [0.5161040754251047, 0.46951409842509745, 0.40973172681743275, 0.6252338991207449, 0.4532828551677434, 0.6119292365738672, 0.35927869722223615, 0.45646897147027393, 0.34413421559371077, 0.5094018023080964], "mean": 0.47550795781243077}, "mean": 0.6681954537035018}, "val_score": {"t2m": {"score": [0.6014301345987237, 0.641860975271762, 0.5875834696328237, 0.6318317424847104, 0.6205069351821367, 0.5812777396638164, 0.5876906977072687, 0.7725900333474585, 0.6761675987148136, 0.6144215673115517], "mean": 0.6315360893915065}, "rh2m": {"score": [0.7077539963470143, 0.7256407093401633, 0.7134967072805783, 0.7681533000184873, 0.6903471644124624, 0.725205577503703, 0.6858177105598776, 0.6896990068470586, 0.7189148225613079, 0.7231263306950434], "mean": 0.7148155325565696}, "w10m": {"score": [0.4996353102773313, 0.4801036811139307, 0.3987737474567588, 0.5867170226576356, 0.4395997553488554, 0.5841848546720548, 0.3435807292516804, 0.39324681483635504, 0.2769503583675979, 0.4191257602005427], "mean": 0.44219180341827424}, "mean": 0.5961811417887835}, "ratio": {"t2m": {"score": [0.7473613858884786, 0.788797867910922, 0.7415002484082784, 0.8046350104932719, 0.7763927585885066, 0.717220053278285, 0.7147697387359779, 0.9268798294475357, 0.8398753881660163, 0.7602648972288827], "mean": 0.7817697178146155}, "rh2m": {"score": [0.9682298521016984, 1.0642695581137107, 0.9928509885963838, 1.0454539341757845, 0.9854666355119002, 0.9644933067109133, 0.9051599634408323, 1.021111693029429, 1.0170698040311528, 0.9547446378200235], "mean": 0.9918850373531829}, "w10m": {"score": [0.9680902245652518, 1.0225543444261933, 0.9732557216259785, 0.9383960522337722, 0.9698133303236798, 0.9546608002305128, 0.956306989276223, 0.8614973621749534, 0.804774259048304, 0.8227802852315922], "mean": 0.9272129369136461}, "mean": 0.9002892306938147}}