{"t2m": {"-1": 84.75809267917501, "t2m_M": 8.948033242146773, "SWD_M": 2.147920917937695, "hour_cos": 1.1925257578346207, "-22": 0.6256538253710536, "-21": 0.4070857461388445, "hour_sin": 0.21602033010807495, "location_90008": 0.21455997846172534, "HFX_M": 0.1966657921467097, "rh2m_M": 0.15673581342331627, "PBLH_M": 0.09672139126002455, "-2": 0.0668001594230844, "Q500_M": 0.06523587093764142, "TC925_M": 0.0646116573706827, "w10m_prophet": 0.06258639491613066, "location_90007": 0.053989174859782385, "-3": 0.0488876253612741, "TC975_M": 0.04747753395658488, "-20": 0.046050726165187614, "w10m_M": 0.043412928268966665, "LH_M": 0.0375949422099476, "psfc_M": 0.036288842397310894, "location_90006": 0.03280601988748674, "-4": 0.03158180337288447, "t2m_prophet": 0.031203557398421688, "GLW_M": 0.02846422472473151, "wspd850_M": 0.027440605018610877, "-23": 0.024205240420830193, "TC850_M": 0.023418449962714707, "-19": 0.02190075136436153, "Q700_M": 0.01924255310936151, "-5": 0.019082805130145403, "-24": 0.016335557110248276, "Q850_M": 0.013495999954455749, "psur_obs_48ago": 0.013309490135188163, "wspd500_M": 0.011354202979152869, "v10m_M": 0.010457234921986287, "RAIN_M": 0.009610078673492896, "Q925_M": 0.00837548409117275, "TC500_M": 0.008241102720473329, "rh2m_prophet": 0.008022851359394997, "-6": 0.007991956259636546, "month_sin": 0.007856683192432202, "wspd925_M": 0.0073417578671149866, "rh2m_obs_48ago": 0.007268318315275908, "TC700_M": 0.0068723129262281924, "location_90005": 0.005588117447375073, "wspd700_M": 0.005549118587471775, "location_90004": 0.005502416454371889, "q2m_M": 0.005245838232819589, "Q975_M": 0.004800892401066688, "month_cos": 0.0045745826101945206, "location_90010": 0.004562376237544029, "-18": 0.004080380611821018, "q2m_obs_48ago": 0.0037069344831548697, "t2m_obs_48ago": 0.0030540651746871618, "-7": 0.0029957398952788336, "-9": 0.002884188049372429, "-17": 0.002749490129640681, "location_90002": 0.0021513221407256622, "w10m_obs_48ago": 0.0021414341802101933, "-8": 0.0019160516707761555, "-11": 0.0014153434066143985, "-13": 0.0011985708255335993, "-12": 0.0011825478438978133, "-15": 0.0010955919969324829, "location_90001": 0.0010687647650866909, "-14": 0.001010103206895969, "u10m_M": 0.0009652014049163372, "u10m_obs_48ago": 0.0005650090539054448, "location_90003": 0.00039753966387033786, "v10m_obs_48ago": 0.00030687821315295884, "-16": 0.0002447246391970141, "-10": 0.00021508073897330614, "RAIN_obs_48ago": 1.3251682911018605e-06, "location_90009": 0.0}, "rh2m": {"-1": 82.37015698324116, "hour_cos": 4.675600073029558, "SWD_M": 3.6434432345567163, "rh2m_M": 2.855337943892117, "hour_sin": 0.6947424247814886, "PBLH_M": 0.6251889536124345, "-2": 0.46713235163188616, "location_90008": 0.31588478983279794, "Q850_M": 0.3103906059208215, "-3": 0.3075473707718365, "q2m_M": 0.26821028154469234, "HFX_M": 0.25866136922827565, "w10m_prophet": 0.2367594324014323, "Q500_M": 0.22868657414289237, "LH_M": 0.19905073580417046, "-20": 0.19373937176394965, "v10m_M": 0.14602807031090823, "-19": 0.1295300579507517, "rh2m_prophet": 0.1292402101907396, "GLW_M": 0.11756920285571906, "Q925_M": 0.11439948061909078, "Q700_M": 0.1122141714266991, "RAIN_M": 0.10036272685103251, "TC500_M": 0.09072908916650434, "-4": 0.08705497992446748, "TC850_M": 0.0831057825671497, "rh2m_obs_48ago": 0.0817126643307181, "w10m_M": 0.0784072542678656, "wspd850_M": 0.0782933331892538, "wspd925_M": 0.07264915881906099, "t2m_prophet": 0.06232177091373694, "month_sin": 0.058323924791582965, "psfc_M": 0.05757109311425413, "location_90007": 0.04858319593646105, "TC975_M": 0.038523355751347174, "wspd500_M": 0.03838452471799507, "location_90005": 0.03708648256208586, "wspd700_M": 0.03652808651196101, "TC700_M": 0.03569750971100379, "-5": 0.033348796532691835, "q2m_obs_48ago": 0.03189147889393912, "-18": 0.028286005074598348, "u10m_M": 0.02763731412114739, "TC925_M": 0.027019701799658666, "-23": 0.026388671715195437, "-22": 0.025654040220000826, "location_90006": 0.023889205832603524, "-21": 0.022386024796112357, "-12": 0.02230126768048335, "t2m_obs_48ago": 0.022269823958786166, "psur_obs_48ago": 0.02175072960577854, "Q975_M": 0.021416890639285095, "-13": 0.020156030842389476, "t2m_M": 0.01838443268676196, "location_90004": 0.01679763630544131, "-6": 0.015968263502719484, "month_cos": 0.011830590433348422, "-15": 0.011637102793921892, "location_90003": 0.010305655987311856, "-24": 0.00914852110348324, "-14": 0.007836059917325652, "-8": 0.007728090098319486, "-16": 0.007663489092872263, "-17": 0.0062789326326471, "-7": 0.005920689872489967, "w10m_obs_48ago": 0.005208080414068028, "-9": 0.00518951384243154, "-11": 0.004958940720988522, "location_90001": 0.004357609197662705, "location_90010": 0.003315991512647452, "u10m_obs_48ago": 0.0021317729473192553, "-10": 0.0018874972590348352, "v10m_obs_48ago": 0.0013059062845809303, "location_90009": 0.0011307912076232204, "location_90002": 0.0009631544257700087, "RAIN_obs_48ago": 0.0008066734119114151}, "w10m": {"-1": 44.387134309455945, "w10m_prophet": 11.868703088271015, "w10m_M": 11.715187108401265, "-2": 5.861515514969281, "PBLH_M": 3.69567270281524, "HFX_M": 1.551581633936844, "v10m_M": 1.5320863478461066, "hour_sin": 1.5058127887120714, "-3": 1.1464624142722444, "wspd850_M": 0.9130378682115085, "psfc_M": 0.8202763141249337, "SWD_M": 0.8139895195244826, "psur_obs_48ago": 0.8113408994043172, "wspd925_M": 0.7889059565386208, "-21": 0.7600707094749541, "location_90008": 0.7450351802932226, "hour_cos": 0.6982360991878106, "location_90007": 0.6701256547143428, "Q500_M": 0.6096130590551334, "GLW_M": 0.5113935524053859, "wspd700_M": 0.41755136063373455, "location_90003": 0.3673072745593503, "wspd500_M": 0.3671986026543788, "u10m_M": 0.3326261071515813, "-22": 0.3267643057493966, "rh2m_M": 0.32470063182255426, "TC850_M": 0.31268659314521174, "-5": 0.30086107307001325, "-4": 0.28650004575650756, "rh2m_prophet": 0.26664805847329703, "-23": 0.2644540864222913, "location_90009": 0.2625153476378002, "location_90004": 0.26031323963573605, "location_90006": 0.21801933019821332, "TC500_M": 0.21201113450064218, "Q925_M": 0.2028158627935823, "location_90010": 0.20254366118135583, "month_sin": 0.1897367561128973, "rh2m_obs_48ago": 0.18941899088091493, "t2m_prophet": 0.18095208577480962, "-24": 0.16304835237207027, "Q850_M": 0.15650530438931354, "Q700_M": 0.1535439409743412, "-6": 0.15238742572008496, "LH_M": 0.1460372314906242, "TC700_M": 0.14041296927066318, "TC925_M": 0.13994971872963896, "q2m_M": 0.13592742660737098, "-20": 0.12655394228289996, "TC975_M": 0.12597870773444966, "-7": 0.12317997707242498, "RAIN_M": 0.1200309295466993, "v10m_obs_48ago": 0.10557570074633506, "-9": 0.10467775155305536, "Q975_M": 0.09822237473396571, "-8": 0.09445758824392816, "-11": 0.09112833931282219, "q2m_obs_48ago": 0.08266063908923314, "w10m_obs_48ago": 0.08062973384977103, "u10m_obs_48ago": 0.07381166425553227, "-10": 0.07181693141740365, "month_cos": 0.06886389627736937, "-12": 0.06851022880393529, "-13": 0.0567280442425585, "t2m_M": 0.05480782195992172, "-14": 0.05437204283903269, "t2m_obs_48ago": 0.04905664133689278, "-16": 0.048433958945484426, "-19": 0.04641213677568579, "location_90001": 0.036947599377960993, "-18": 0.03598976172497102, "-15": 0.03462811536774702, "-17": 0.029788490942535453, "RAIN_obs_48ago": 0.0285517311224081, "location_90005": 0.008567611121898333, "location_90002": 0.0}, "train_score": {"t2m": 0.8131541847046246, "rh2m": 0.7194242065297509, "w10m": 0.4558066248375467, "mean": 0.6627950053573074}, "val_score": {"t2m": 0.6685358885993858, "rh2m": 0.7222877328512772, "w10m": 0.4461692288475703, "mean": 0.6123309500994111}}